user_name,user_location,user_description,user_created,user_followers,user_friends,user_favourites,user_verified,date,text,hashtags,source,is_retweet
ChefSam,Sunshine State,Culinarian | Hot Sauce Artisan | Kombucha Brewer | Nature Lover | Runner | #BITCOIN | üß°üíú Nostr: npub1zfxzty3up9zmn3ky3se49vg6km69murefh480246retaevwq,3/23/2011 3:50,4680,2643,6232,FALSE,3/1/2023 23:59,Which #bitcoin books should I think about reading next? https://t.co/32gas26rKB,['bitcoin'],Twitter for iPhone,FALSE
Roy‚ö°Ô∏è,,Truth-seeking pleb üìö ‚Ä¢ Science üß™ ‚Ä¢ Nature üå±‚òÄÔ∏è ‚Ä¢ üåΩ stacker ‚Ä¢ Freedom ü¶Ö ‚Ä¢ Dad üë®‚Äçüçºüß°,1/30/2022 17:41,770,1145,9166,FALSE,3/1/2023 23:59,"@ThankGodForBTC I appreciate the message, but not a fan of the religious references. Religion has nothing to do with #Bitcoin.",['Bitcoin'],Twitter for iPhone,FALSE
Ethereum Yoda,,"UP or DOWN...
.
.
.
.
Price matters NOT.",7/24/2022 4:50,576,1,0,FALSE,3/1/2023 23:59,"#Ethereum price update: 

#ETH $1664.02 USD
#Bitcoin 0.070428 #BTC

Follow for recent ETH price updates
#altcoin, #cryptocurrency, #crypto","['Ethereum', 'ETH', 'Bitcoin', 'BTC', 'altcoin', 'cryptocurrency', 'crypto']",Twitter Web App,FALSE
Viction,"Paris, France","https://t.co/8M3rgdjwEe

#bitcoin #blockchain #crypto #LSTM #prediction #machinelearning",3/26/2010 10:15,236,1829,2195,FALSE,3/1/2023 23:59,"CoinDashboard v3.0 is here
Available on ios and Android
#Bitcoin https://t.co/tMCQllv9rj",['Bitcoin'],Twitter for Android,FALSE
Rosie,London,"The flower language of jasmine is loyalty, respect, purity, chastity, simplicity, exquisiteness and charm. It is the flower of love in some countries",2/16/2013 9:57,12731,46,134,FALSE,3/1/2023 23:59,"#Bitcoin Short Term Fractal (4H)üí•

In lower timeframe, #BTC price action seems to be repeating itself while LMACD is reproducing the same sequence. ü´° https://t.co/2MG9yL7SDa","['Bitcoin', 'BTC']",Twitter Web App,FALSE
AkinHack,United States,Professional Recovery Services | ‚Ä¢Crypto | ‚Ä¢iCloud ID | ‚Ä¢Instagram | Snapchat | DM 247| ‚Ä¢Account Recovery | ‚Ä¢iMessage | spying | Follow and Inbox Me | ‚Ä¢NotFree,11/8/2014 4:50,197,48,13,FALSE,3/1/2023 23:59,Y‚Äôall Message me for any account recovery or hacking #CYBER #security #Coinbase #Bitcoin #BNB #facebook #snapchat #instagram.,"['CYBER', 'security', 'Coinbase', 'Bitcoin', 'BNB', 'facebook', 'snapchat', 'instagram']",Twitter for Android,FALSE
CAIR (Pump/Dump),,CAIR is a smart method to find PUMP/DUMP using the latest advanced AI techniques (not investment advice). PUMP-DUMP results https://t.co/9FJGx30Qlr,8/30/2021 18:15,5976,1,107,FALSE,3/1/2023 23:59,"PUMP : 4-Hour Chart (1x!) (NORMAL)
Coin    : #FILUSDT
 
Entry   : 7.17
R1        : 8.17 (% 12.2)
R2       : 9.22 (% 22.2)
S1        : 6.86 (% -4.3)
 
Time   : 01/03/2023 23:59 (UTC)
Chart  : https://t.co/zKtYat6duH
 
#FIL #Bitcoin $FIL","['FILUSDT', 'FIL', 'Bitcoin']",BinanceTW,FALSE
NFTevening,üëá Join 25k+ NFT Enthusiasts ,"The best newsletter for NFT, Metaverse, and Blockchain Games. | Contributing to the widespread adoption of NFTs! | üíü Subscribe https://t.co/FKeDZV8y8J",5/10/2021 15:24,26940,2050,12198,FALSE,3/1/2023 23:59,"üì∞TwelveFold by @yugalabs Unveils Unique #Bitcoin Collection

üü£The Yuga Labs team has created an exciting limited-edition collection of only 300 generative pieces.

üü£Each piece is inscribed on satoshis on the Bitcoin blockchain, making them truly unique and collectible.

#NFTs https://t.co/UqSa1MkQiJ","['Bitcoin', 'NFTs']",Hypefury,FALSE
AbdeL,,#sol #NFT,1/26/2022 19:24,792,75,409,FALSE,3/1/2023 23:59,@BitcoinBullsNFT The first my #NFT in  #Bitcoin https://t.co/hO6t69frCZ,"['NFT', 'Bitcoin']",Twitter Web App,FALSE
PUBLORD,probably down at the pub,TOXIC HAPPY HOUR!  #Spaceshost  || M-F 2-4 w/ @Anders_  ||  #Bitcoin  ||  THH Pleb Party in Miami May 18th!,12/28/2013 18:30,22414,3225,63945,FALSE,3/1/2023 23:59,Your first #Bitcoin Halving will age and humble at the same time.  üòâüòÇ https://t.co/U6JwlLNlMg,['Bitcoin'],Twitter for Android,FALSE
Bitcoin Candle Bot,Brazil,"Robot that posts the closure of the bitcoin daily candle, written by @coinsamba",1/6/2021 1:36,40,4,1,FALSE,3/1/2023 23:59,"Candle of day 01/03/2023 closed.

Open: $ 23,130.94
High: $ 23,906.02
Low: $ 23,042.67
Close: $ 23,635.96

Change: +2.14%

#Bitcoin #Candle #BullMarket","['Bitcoin', 'Candle', 'BullMarket']",Bitcoin Candle Bot,FALSE
FYC crypto | Sharing Information And Learning,,,3/1/2023 10:13,6,23,1,FALSE,3/1/2023 23:58,"UBS Strategists Predict Minimal Impact of Upcoming Mt Gox Payouts on Bitcoin Value
https://t.co/yiahg9lmOe
#BTC #Bitcoin https://t.co/f98xNLYVv6","['BTC', 'Bitcoin']",Twitter Web App,FALSE
Ethereum Yoda,,"UP or DOWN...
.
.
.
.
Price matters NOT.",7/24/2022 4:50,576,1,0,FALSE,3/1/2023 23:58,"#Ethereum price update: 

#ETH $1665.06 USD
#Bitcoin 0.07041649538947164 #BTC

Follow for recent ETH price updates
#altcoin, #cryptocurrency, #crypto","['Ethereum', 'ETH', 'Bitcoin', 'BTC', 'altcoin', 'cryptocurrency', 'crypto']",Twitter Web App,FALSE
BNB Price Tracker,,#BNB #BNBTracker #BinanceCoin #Binance,7/11/2022 5:24,492,5,0,FALSE,3/1/2023 23:58,"#BinanceCoin price update: $BNB

#BNB $302.75 USD

#Bitcoin 0.0128 BTC

#Ethereum 0.18183 ETH

#altcoin #crypto #cryptocurrency

Follow for recent BNB price updates","['BinanceCoin', 'BNB', 'Bitcoin', 'Ethereum', 'altcoin', 'crypto', 'cryptocurrency']",Twitter Web App,FALSE
‚ò£Ô∏è Hugo SuperMaxi ‚ö°Ô∏èüíéüôåüá∏üáª ‚àû/21M,In your head,"#Bitcoin miner/investor. CEO @ FYouMoney! Podcast @FYouMoneyPod and FYouMoney! wallet. Follow my relentless search for freedom, the universe, and everything!",9/18/2020 16:50,3307,476,9782,FALSE,3/1/2023 23:58,@stacyherbert My tweets about #Bitcoin‚ö°Ô∏èand #ElSalvador.,"['Bitcoin', 'ElSalvador']",Twitter Web App,FALSE
Navid Nassiri,Metaverse,I'm just trying to do my part in making the world a better place. #DeFi #web3 #blockchain #crypto #cryptocurrency #btc #eth #bahai,6/17/2009 15:05,3917,554,325,FALSE,3/1/2023 23:58,"Shiba Inu Army Gets Excited On Wallet Provider News, Here‚Äôs Why  https://t.co/50hMWZk1Qj #crypto #cryptocurrency #blockchain #bitcoin #ethereum #antifud #fightfomo https://t.co/ykyUJLGZTn","['crypto', 'cryptocurrency', 'blockchain', 'bitcoin', 'ethereum', 'antifud', 'fightfomo']",Zapier.com,FALSE
Bigwin freetag,"DKI Jakarta, Indonesia","üî•#Pickaw #Sorteos #Crypto #Giveaway #Freetag #Win #Bigwin #BNB #BTC #ETHüî•
Akun @/bayuhunter41 suspended ,saya juga pakai data dan wifi,pleass don't rerrol üôè",2/1/2023 12:17,107,1540,2501,FALSE,3/1/2023 23:58,@SirKunt @PtpWallet #Bitcoin for longterm is good üëçüî•,['Bitcoin'],Twitter for Android,FALSE
Q.E.D,,"#QED #CryptoNews is for the people who love the future of finance. Please, Follow, Get the last news update and share it if you like.#Cryptocurrency #Blockchain",9/3/2009 9:34,714,4888,2340,FALSE,3/1/2023 23:57,"#Bitcoin is back in the black! #BullSignal means we're seeing a massive resurgence in the price, last at around $25,000. Time to get onboard the BTC train! #Crypto","['Bitcoin', 'BullSignal', 'Crypto']",Q.E.D CryptoNews,FALSE
AkinHack,United States,Professional Recovery Services | ‚Ä¢Crypto | ‚Ä¢iCloud ID | ‚Ä¢Instagram | Snapchat | DM 247| ‚Ä¢Account Recovery | ‚Ä¢iMessage | spying | Follow and Inbox Me | ‚Ä¢NotFree,11/8/2014 4:50,197,48,13,FALSE,3/1/2023 23:57,Y‚Äôall Message me for any account recovery or hacking #CYBER #security #Coinbase #Bitcoin #BNB.,"['CYBER', 'security', 'Coinbase', 'Bitcoin', 'BNB']",Twitter for Android,FALSE
Ethereum Yoda,,"UP or DOWN...
.
.
.
.
Price matters NOT.",7/24/2022 4:50,576,1,0,FALSE,3/1/2023 23:57,"#Ethereum price update: 

#ETH $1663.91 USD
#Bitcoin 0.07042311 #BTC

Follow for recent ETH price updates
#altcoin, #cryptocurrency, #crypto","['Ethereum', 'ETH', 'Bitcoin', 'BTC', 'altcoin', 'cryptocurrency', 'crypto']",Twitter Web App,FALSE
AkinHack,United States,Professional Recovery Services | ‚Ä¢Crypto | ‚Ä¢iCloud ID | ‚Ä¢Instagram | Snapchat | DM 247| ‚Ä¢Account Recovery | ‚Ä¢iMessage | spying | Follow and Inbox Me | ‚Ä¢NotFree,11/8/2014 4:50,197,48,13,FALSE,3/1/2023 23:57,"Looking for a professional hacker?¬†.
Y‚Äôall Message me for any account recovery or hacking #CYBER #security #Coinbase #Bitcoin #BNB.","['CYBER', 'security', 'Coinbase', 'Bitcoin', 'BNB']",Twitter for Android,FALSE
liuliu,Ëã±ÂõΩ‰º¶Êï¶14 Parliament Mews,"Be a positive person. Don't be sad, don't be impatient. Be strong, up, and close to the sun. Life can't wait for others to arrange it.",10/5/2012 19:29,16482,207,79,FALSE,3/1/2023 23:57,"#Bitcoin  FUN FACT

The period of 395 days in which we have 10 red candles on the monthly chart, we call it ""Bear Market"" https://t.co/4rUmmufYet",['Bitcoin'],Twitter Web App,FALSE
NFTBrahh,Plan3t Earth brah,"Love life, my wife, my daughter, Tory train jokes. Don't like tomatoes. #NFT Addict / Proud DankDogzNFT Owner!!",1/16/2018 18:39,474,107,30,FALSE,3/1/2023 23:57,"‚ö°Ô∏è Drop your best #NFTs to get promoted! Follow, retweet and like this postüëá #eth #ethereum #crypto #NFT #NFTs #nftart #nftartists #sol #shib #bitcoin","['NFTs', 'eth', 'ethereum', 'crypto', 'NFT', 'NFTs', 'nftart', 'nftartists', 'sol', 'shib', 'bitcoin']",Trumpybot,FALSE
Live Price Crypto,,"I Tweet the latest #BTC/#ETH/#BNB/#MATIC & #StableCoins price
+Daily/Weekly Technical Indicators 

Live since 20/03/2022

@web3africa1",3/10/2022 14:06,4463,9,24,FALSE,3/1/2023 23:57,"Weekly üöÄ

#BTC Last $23630

‚Ä¢Change since Monday 00h00(UTC): +0.31% üü¢
‚Ä¢MACD:
 -MACD Line: 99
 -Signal Line: -985

#ETH Last $1665

‚Ä¢Change: +1.43% üü¢
‚Ä¢MACD:
 -MACD Line: 2
 -Signal Line: -65

#Blockchain #Token #Bitcoin #Ethereum
(8/16)
461047","['BTC', 'ETH', 'Blockchain', 'Token', 'Bitcoin', 'Ethereum']",vaiotapi,FALSE
Sigma Œ£ Nakamoto,,Œ£,11/6/2015 4:53,573,82,12322,FALSE,3/1/2023 23:57,"Are you ready?
#Bitcoin miners coming to #CoreDAO blockchain! https://t.co/vD3F9UClQC","['Bitcoin', 'CoreDAO']",Twitter for Android,FALSE
0xMadman,Moon,Swapped all my fiat for crypto and NFTs,7/20/2021 2:08,139,784,585,FALSE,3/1/2023 23:57,"Day 35 of my attempt to give this @Mcdonalds OG #Doge x Bukele-inspired @RealDogePunks NFT to El Presidente @nayibbukele as his #NewProfilePic for the inevitable #Bitcoin &amp; #Dogecoin bullrun. El Presidente, please let me know &amp; we'll make it happen!

https://t.co/69eemvmUW4","['Doge', 'NewProfilePic', 'Bitcoin', 'Dogecoin']",Twitter for Android,FALSE
CryptoClick,"New York, NY",Curated Crypto News - One click away!,7/16/2009 23:29,11699,6611,2,FALSE,3/1/2023 23:57,üî• Deep comparison of Bitcoin Miners| Gold Miners - Astonishing‚ùì Check the post https://t.co/oiEGjjVOOM #bitcoin @tradingview #crypto $btc #btc,"['bitcoin', 'crypto', 'btc']",Make (formerly Integromat),FALSE
Sergio,coin hunt world,"professional coin hunt world player

-living with autism-",5/16/2022 21:05,185,76,13134,FALSE,3/1/2023 23:57,"c03x found #bitcoin in a User vault at this location! Join me playing #coinhuntworld, It's awesome! https://t.co/a37s2OfkQa #cryptocurrency #48027 https://t.co/p92Mo6hJkC","['bitcoin', 'coinhuntworld', 'cryptocurrency']",Twitter for Android,FALSE
MahigouneTradingPro,Paris,#Bourse/Bitcoin,4/30/2021 0:00,25,35,708,FALSE,3/1/2023 23:57,"#bitcoin‚ÄØ‚ÄØ‚ÄØ / $BTC
Potentiel remake https://t.co/4Sa4hq5o54",['bitcoin'],Twitter for Android,FALSE
Trader Jet Telegram Bot,,"The best assistant for #scalping on #Binance with more than 15 modules and #autotrading #ai system.

Have #RU and #EN versions!

Join for free 3 days trial üëá",6/21/2022 9:02,907,14,300,FALSE,3/1/2023 23:56,"‚úÖ #PUMP $SNX! +0.964% in 15 seconds
Current price: 3.038$!

 Follow and like for more signals!
60 #ai #cryptocurrency #BUSD¬†#crypto #finance #altcoins #binance¬†#bitcoin #btc #SNX https://t.co/QE5DxYc22E","['PUMP', 'ai', 'cryptocurrency', 'BUSD', 'crypto', 'finance', 'altcoins', 'binance', 'bitcoin', 'btc', 'SNX']",TwitterLikeRt_Nik,FALSE
Ethereum Yoda,,"UP or DOWN...
.
.
.
.
Price matters NOT.",7/24/2022 4:50,576,1,0,FALSE,3/1/2023 23:56,"#Ethereum price update: 

#ETH $1664.98 USD
#Bitcoin 0.07043578062184754 #BTC

Follow for recent ETH price updates
#altcoin, #cryptocurrency, #crypto","['Ethereum', 'ETH', 'Bitcoin', 'BTC', 'altcoin', 'cryptocurrency', 'crypto']",Twitter Web App,FALSE
BNB Price Tracker,,#BNB #BNBTracker #BinanceCoin #Binance,7/11/2022 5:24,492,5,0,FALSE,3/1/2023 23:56,"#BinanceCoin price update: $BNB

#BNB $302.92 USD

#Bitcoin 0.01281 BTC

#Ethereum 0.18194 ETH

#altcoin #crypto #cryptocurrency

Follow for recent BNB price updates","['BinanceCoin', 'BNB', 'Bitcoin', 'Ethereum', 'altcoin', 'crypto', 'cryptocurrency']",Twitter Web App,FALSE
Bitcoin updates,,"I tweet about the $BTC price every 15 minutes.
Data is retrieved from @binance.

#Bitcoin #BTC

More bots ü§ñ:
#ETH: @Ethereum8News
#BNB: @BNB8News",1/9/2021 15:26,6906,6,21,FALSE,3/1/2023 23:56,"The $BTC price is at $23,628.11 right now.
üü¢ Compared to the last tweet, the price has increased by $21.49 (0.09%).
üü¢ In the last 24 hours the price has increased by $510.39 (2.21%).

#Bitcoin #BTC https://t.co/GhayrxhwpW","['Bitcoin', 'BTC']",Pamboo Crypto,FALSE
Live Price Crypto,,"I Tweet the latest #BTC/#ETH/#BNB/#MATIC & #StableCoins price
+Daily/Weekly Technical Indicators 

Live since 20/03/2022

@web3africa1",3/10/2022 14:06,4463,9,24,FALSE,3/1/2023 23:56,"Weekly üöÄ

#BTC Last $23630

-RSI: 56
-Moving Average(20): 19758
-MA(50): 24092
-MA(200): 25181
-Bollinger B. lower/upper: 13837/25679

#ETH Last $1665 #ETH

-RSI: 55
-MA(20): 1424
-MA(50): 1695
-MA(200): 1430
-BB: 1032/1815

#Live #Bitcoin #Ethereum
(7/16)
461046","['BTC', 'ETH', 'ETH', 'Live', 'Bitcoin', 'Ethereum']",vaiotapi,FALSE
theCryptolusionist üßôüèª,The Netherlands,"Crypto dabbler with a slight affection for $WOO $VET $FET $AZERO $MLT and $METIS... Also interested in $BONE and $POKT. Charting fibs, Gartley and R/S",4/20/2021 20:27,363,200,211,FALSE,3/1/2023 23:56,"$ETH working on a bullish engulfing on the 1D and on the 4H, beautiful bullish hammer candle on the 8H and looks like it‚Äôs flipping R/S on the 1H. We‚Äôll know all in 5 minutes, looks too good to be true‚Ä¶ Asia probably going to f** it up ü§åüèª

#ETH #Ethereum #Crypto #BTC #Bitcoin https://t.co/ybeF6CkPCn","['ETH', 'Ethereum', 'Crypto', 'BTC', 'Bitcoin']",Twitter for iPhone,FALSE
Richardss Cumberbatche üìà,üëâ,"Check out our community of real traders helping each other profit. Education, live lessons, alerts, and more. üëâhttps://t.co/uju90xL4Ot",11/4/2020 8:56,870,41,41,FALSE,3/1/2023 23:56,"$WOO #Bitcoin‚ÄØ‚ÄØ‚ÄØ‚ÄØ‚ÄØ‚ÄØ‚ÄØ‚ÄØ‚ÄØ‚ÄØ‚ÄØ‚ÄØ in it's highest peak right now... 
https://t.co/sNRg9LsXGN
$BTC $ETH $DOGE $SOL $CRV $ATH $SL $ALGO $MATIC $FIB $S https://t.co/pyKeLkDeCu",['Bitcoin'],Twitter Web App,FALSE
Trackify | #1 BTC Price Action Bot,Monitoring BTCUSDT...,üìà| #1 BTC Price Action Bot üïí| Notifies every 5 minutes,1/18/2023 2:40,119,1,206,FALSE,3/1/2023 23:56,"Bitcoin has decreased -0.11% in the past 5 minutes!
Started at $23652.66
Ended at $23626.89

#BTC #crypto #bitcoin #cryptocurrency #ethereum #blockchain #eth #currency #xrp #trading #price #exchange #twitter #ltc #binance #finance","['BTC', 'crypto', 'bitcoin', 'cryptocurrency', 'ethereum', 'blockchain', 'eth', 'currency', 'xrp', 'trading', 'price', 'exchange', 'twitter', 'ltc', 'binance', 'finance']",bitcoinpricetracker,FALSE
PlattsburghBTC,"Plattsburgh, NY","‡∏ø miner that sells extra GH, so come mine with me! I'm also afraid of fans, loud whirring sounds, and ethernet cables. Oh god. Send help.",8/29/2015 17:25,3479,1774,297,FALSE,3/1/2023 23:56,"1 ‡∏ø: $23649.6, 1 week ago: $0, 3 months ago: $0, 1 year ago: $8520 #bitcoin  https://t.co/N0BZQbcl79",['bitcoin'],Plattsburgh BTC status update,FALSE
Bitcoin Price Ticker,,Tweets the current price of #bitcoin every 5 minutes,10/20/2022 7:10,122,9,9,FALSE,3/1/2023 23:56,"1‚Çø = $23634 2.07%üìà

Details:
Change: üìà478.79$
24H Low = $23079üîª
24H High = $23884üíπ

#bitcoin #btc","['bitcoin', 'btc']",BitcoinLivePriceTicker,FALSE
Moniruzzaman Mithu 778.bnb,,,2/8/2023 0:17,15,314,294,FALSE,3/1/2023 23:56,"@airdropinspect This project is very profitable project.thanks for Everything. @Sagorahemed4115 @MakeMon48808509  @hasan35241 

#Airdrop #Airdrops #Airdropinspector #ZebecLabs #NautilusChain #USDT #Crypto #Bitcoin","['Airdrop', 'Airdrops', 'Airdropinspector', 'ZebecLabs', 'NautilusChain', 'USDT', 'Crypto', 'Bitcoin']",Twitter Web App,FALSE
Crypto Alerted,USA,Crypto Alerted Our Tweets are not Financial Advise Be Carefull,4/10/2020 11:35,1232,105,24,FALSE,3/1/2023 23:56,KIRA Network (KEX) went up 10.3 percent in the last 1 minutes on https://t.co/rgEAV9gIXu. #KEX  #crypto #bitcoin #cryptocurrency #btc #ethereum #blockchain #eth #trading #altcoin #binance #cryptonews,"['KEX', 'crypto', 'bitcoin', 'cryptocurrency', 'btc', 'ethereum', 'blockchain', 'eth', 'trading', 'altcoin', 'binance', 'cryptonews']",Microsoft Power Platform,FALSE
call me jonny,To the moon,100$ to 100.000$ crypto trader 24h/24h . BTC FROM ITALY BOYüáÆüáπ,5/4/2022 9:17,125,115,822,FALSE,3/1/2023 23:56,"Join me at Bybit's Learn and Earn event! Prove your knowledge of the Ethereum Shanghai upgrade and earn 5 USDT with me. https://t.co/9p1tlOV4pL
https://t.co/9p1tlOV4pL 

#ETH #Ethereum #Bitcoin #Crypto","['ETH', 'Ethereum', 'Bitcoin', 'Crypto']",Twitter for iPhone,FALSE
Cycushack+,,Professional Recovery Services | ‚Ä¢Crypto | ‚Ä¢iCloud ID ‚Ä¢Instagram | Snapchat | DM 247,1/8/2021 13:12,13,11,459,FALSE,3/1/2023 23:56,"Y‚Äôall Message me for any account recovery or hacking #CYBER #security #Coinbase #Bitcoin
#BNB","['CYBER', 'security', 'Coinbase', 'Bitcoin', 'BNB']",Twitter for iPhone,FALSE
Keepcalm2021,,,3/3/2021 0:41,98,257,154,FALSE,3/1/2023 23:56,"PhrozenKhaos found #bitcoin in a Green vault at this location! Join me playing #coinhuntworld, It's awesome! https://t.co/3a8DABboMa #cryptocurrency #321163 https://t.co/gRNSuF0uIi","['bitcoin', 'coinhuntworld', 'cryptocurrency']",Twitter for Android,FALSE
Dr. ‚Çøitcoin‚ö°Ô∏è,"Moon, PA","Not a trader, nor analyst or investor, #Bitcoin believer. BUY-DCA-HODL-SELL. Follow the cycles. NFA. Power to the people! Free the money! Only lightning!‚ö°Ô∏è‚àû/21M",10/12/2022 0:47,3159,5000,224,FALSE,3/1/2023 23:56,"#Bitcoin‚ÄØ‚ÄØ‚ÄØ‚ÄØ‚ÄØ‚ÄØ 1000 Sats everyday! Do you want 1000 Sats? üöÄüöÄüöÄ
Follow, retweet, and comment your #Lightningnetwork‚ö°Ô∏è address to stack more Satoshis! #Crypto #Stakingsats #DCA #Giveaway #BTC‚ÄØ‚ÄØ‚ÄØ‚ÄØ‚ÄØ‚ÄØ
Let's fuckin' go!! üöÄüöÄüöÄ","['Bitcoin', 'Lightningnetwork', 'Crypto', 'Stakingsats', 'DCA', 'Giveaway', 'BTC']",Twitter for Android,FALSE
Cycushack+,,Professional Recovery Services | ‚Ä¢Crypto | ‚Ä¢iCloud ID ‚Ä¢Instagram | Snapchat | DM 247,1/8/2021 13:12,13,11,459,FALSE,3/1/2023 23:55,Y‚Äôall Message me for any account recovery or  account hack  #CYBER #security #Coinbase #Bitcoin #BNB #facebook #snapchat #instagram,"['CYBER', 'security', 'Coinbase', 'Bitcoin', 'BNB', 'facebook', 'snapchat', 'instagram']",Twitter for iPhone,FALSE
YearlyMadeDaily,,Follow for more info about the market as a whole and individual coins. $INJ $STX $MNW $ADA,4/23/2022 22:10,117,17,572,FALSE,3/1/2023 23:55,@WhaleChart Can‚Äôt beat #Bitcoin with a max of 21 million.,['Bitcoin'],Twitter for iPhone,FALSE
Ethereum Yoda,,"UP or DOWN...
.
.
.
.
Price matters NOT.",7/24/2022 4:50,576,1,0,FALSE,3/1/2023 23:55,"#Ethereum price update: 

#ETH $1663.89 USD
#Bitcoin 0.07042086 #BTC

Follow for recent ETH price updates
#altcoin, #cryptocurrency, #crypto","['Ethereum', 'ETH', 'Bitcoin', 'BTC', 'altcoin', 'cryptocurrency', 'crypto']",Twitter Web App,FALSE
Sergio,coin hunt world,"professional coin hunt world player

-living with autism-",5/16/2022 21:05,185,76,13134,FALSE,3/1/2023 23:55,"c03x found #bitcoin in a User vault at this location! Join me playing #coinhuntworld, It's awesome! https://t.co/a37s2OfkQa #cryptocurrency #29262 https://t.co/WEJ6Af2nT6","['bitcoin', 'coinhuntworld', 'cryptocurrency']",Twitter for Android,FALSE
